{
  "model_name": "1_yolov8n_20260213",
  "model_type": "yolov8",
  "model_size": "n",
  "project_name": "1",
  "training_date": "2026-02-13 16:46:30",
  "training_config": {
    "epochs": 300,
    "batch_size": 16,
    "image_size": 640,
    "learning_rate": 0.01,
    "patience": 50
  },
  "classes": [
    "红兵1",
    "红兵2",
    "红兵3",
    "兵红4",
    "红炮1",
    "红炮2",
    "红车1",
    "红车2",
    "红马1",
    "红马2",
    "红相1",
    "红相2",
    "红仕1",
    "红仕2",
    "红帅",
    "黑卒1",
    "黑卒2",
    "黑卒3",
    "黑卒4",
    "黑炮1",
    "黑炮2",
    "黑车1",
    "黑车2",
    "黑马1",
    "黑马2",
    "黑象1",
    "黑象2",
    "黑士1",
    "黑士2",
    "黑将",
    "红兵5",
    "黑卒5"
  ],
  "num_classes": 32,
  "metrics": {
    "precision": 0.4791615526915579,
    "recall": 0.4990619823274913,
    "mAP50": 0.5189667628819388,
    "mAP50_95": 0.39268855754819093,
    "fitness": 0.39268855754819093
  }
}